{
  "version": 1,
  "unitWeights": {
    "biasBuild": 0.9663465867744345,
    "biasNetwork": 1.1622068869011448,
    "biasDevelop": 0.95,
    "biasSell": 1,
    "biasLoan": 1.2364279626595829,
    "biasScout": -35,
    "developLevel": 1,
    "buildBrewery": 71.58555572612575,
    "buildCoal": 42.824131694103116,
    "buildIron": 65,
    "buildCotton": 36.04763416825569,
    "buildManufacturer": 33.61530134140634,
    "buildPottery": 34.20280461379654,
    "buildVpFlip": 4,
    "buildIncomeFlip": 5,
    "buildMoneyCost": 1.6543783293908692,
    "buildCanalL1Reward": 20.622851042961294,
    "buildCanalL1Risk": 400,
    "buildCanalBreweryBonus": 15,
    "buildCanalBricBonus": 20,
    "buildRailHighLevel": 6,
    "buildLocationQuality": 7.45116878726668,
    "networkDoubleLink": 170.06999073577185,
    "networkSingleRail": 38.5297487562228,
    "networkSingleCanal": 19.458948662748117,
    "networkToBrewery": 28,
    "networkToBirmingham": 14,
    "networkToMarket": 12,
    "networkMoneyCost": 1.5,
    "developOneBase": -275.1751658222892,
    "developTwoBase": 35,
    "developBrewery": 40,
    "developCoal": 28,
    "developIron": 24,
    "developCotton": 18,
    "developManufacturer": 16,
    "developPottery": 14,
    "developIronCost": 3.5,
    "sellMulti": 220,
    "sellVp": 6,
    "sellIncome": 3.409135689045048,
    "sellMerchantBeerBonus": 17.741957009225295,
    "sellIncomeTrackChange": 4,
    "loanHighIncomePenalty": 120,
    "loanMidIncomePenalty": 51.00015082343008,
    "loanBroke": 45.08904681033766,
    "loanLowMoney": 45,
    "loanRailBuffer": 30,
    "loanComfortablePenalty": 15,
    "biasBuildLink": -0.12791547819712065,
    "biasConsumeResource": 0.6,
    "buildFlipLikelihood": 45,
    "buildOverbuild": 0,
    "buildCoalResourceCost": 1.5,
    "buildIronResourceCost": 1.5,
    "buildBeerResourceCost": 1.757651577599555,
    "buildConnectedToMarket": 20,
    "buildLinkCanal": 38,
    "buildLinkRail": 62,
    "buildLinkMoneyCost": 1.0593331121830474,
    "buildLinkToMarket": 12,
    "buildLinkToBrewery": 16.79695381267689,
    "networkCoalCost": 1.2,
    "networkBlocksOpponent": 35,
    "networkExtendsOwnNetwork": 15,
    "sellCotton": 60,
    "sellManufacturer": 57.811825309257735,
    "sellPottery": 43.46911977568985,
    "sellBeerCost": 2,
    "sellMerchantReach": 18,
    "loanIncomeFloorPenalty": -50,
    "scoutRailValue": -35,
    "scoutCanalPenalty": 35,
    "consumeBeer": 24.020793212336457,
    "consumeCoal": 18.914919014733822,
    "consumeIron": 22,
    "developSellableIndustry": 7.143999892815551
  }
}